1,Isuzu
2,Volvo
3,Buick
4,GMC
5,Nissan
6,Mazda
7,Dodge
8,Chevrolet
9,Oldsmobile
10,Mazda
11,Pontiac
12,Audi
13,Cadillac
14,Lamborghini
15,Nissan
16,Infiniti
17,Honda
18,Acura
19,Ford
20,Subaru
21,Mazda
22,Mazda
23,Nissan
24,GMC
25,Toyota
26,Mazda
27,Lexus
28,Maybach
29,Ford
30,Kia
31,Chevrolet
32,Volkswagen
33,Land Rover
34,Honda
35,Bugatti
36,Mazda
37,Jaguar
38,Toyota
39,Oldsmobile
40,Dodge
41,Nissan
42,Pontiac
43,Jeep
44,GMC
45,Audi
46,Dodge
47,Volkswagen
48,Maserati
49,Mazda
50,Audi
51,Toyota
52,Ford
53,Cadillac
54,BMW
55,Aston Martin
56,Ford
57,Buick
58,Lincoln
59,GMC
60,Hummer
61,Dodge
62,Mazda
63,Honda
64,Ford
65,Mercedes-Benz
66,Porsche
67,Mercedes-Benz
68,Mercedes-Benz
69,Chevrolet
70,BMW
71,GMC
72,Mitsubishi
73,Infiniti
74,Pontiac
75,Ford
76,Aston Martin
77,Buick
78,Acura
79,Mercury
80,Maserati
81,Lexus
82,Suzuki
83,Suzuki
84,Subaru
85,Suzuki
86,Mitsubishi
87,Acura
88,Chevrolet
89,Ford
90,Mitsubishi
91,MINI
92,Dodge
93,Suzuki
94,Toyota
95,MINI
96,Nissan
97,Honda
98,Nissan
99,Cadillac
100,Chevrolet
101,Chevrolet
102,Chevrolet
103,Buick
104,Cadillac
105,Mazda
106,Cadillac
107,Mitsubishi
108,Subaru
109,Dodge
110,Ram
111,Mazda
112,Mitsubishi
113,Hyundai
114,Buick
115,Isuzu
116,GMC
117,Chevrolet
118,Mercury
119,Audi
120,Land Rover
121,Chevrolet
122,Lexus
123,Suzuki
124,Pontiac
125,Honda
126,BMW
127,Mitsubishi
128,Porsche
129,Toyota
130,Chevrolet
131,Lincoln
132,Mazda
133,Subaru
134,Cadillac
135,Ford
136,Acura
137,Subaru
138,Ford
139,Hyundai
140,Chevrolet
141,Toyota
142,BMW
143,Audi
144,Dodge
145,Pontiac
146,Chrysler
147,Audi
148,Cadillac
149,Chrysler
150,Subaru
151,Maserati
152,BMW
153,Chevrolet
154,Hyundai
155,Chevrolet
156,Chevrolet
157,BMW
158,Volvo
159,Ford
160,Volvo
161,Cadillac
162,Oldsmobile
163,Ford
164,Cadillac
165,Pontiac
166,Hyundai
167,Mitsubishi
168,BMW
169,GMC
170,Audi
171,Dodge
172,Dodge
173,Mazda
174,Suzuki
175,Ford
176,Toyota
177,Mercury
178,Ford
179,Pontiac
180,Chevrolet
181,GMC
182,Pontiac
183,Mazda
184,Toyota
185,Nissan
186,Chevrolet
187,Chevrolet
188,Chevrolet
189,GMC
190,Dodge
191,Maserati
192,Infiniti
193,GMC
194,Mercury
195,Pontiac
196,Pontiac
197,Lincoln
198,Saab
199,Jeep
200,Acura
201,Toyota
202,Chevrolet
203,BMW
204,Honda
205,Ford
206,Lotus
207,Volkswagen
208,Hyundai
209,Hyundai
210,Buick
211,Nissan
212,Toyota
213,Pontiac
214,Nissan
215,Chevrolet
216,Land Rover
217,Volkswagen
218,Pontiac
219,Honda
220,Land Rover
221,Mitsubishi
222,Toyota
223,BMW
224,Volkswagen
225,Lamborghini
226,Mercedes-Benz
227,Dodge
228,Audi
229,Buick
230,Mercedes-Benz
231,Hyundai
232,Mazda
233,Volvo
234,Mitsubishi
235,Lexus
236,Volvo
237,Plymouth
238,GMC
239,Toyota
240,Chevrolet
241,BMW
242,Mercury
243,Hyundai
244,Dodge
245,Volkswagen
246,Acura
247,Audi
248,Volkswagen
249,Honda
250,Cadillac
251,Jeep
252,Mitsubishi
253,Cadillac
254,Infiniti
255,Cadillac
256,Chevrolet
257,Lexus
258,Bentley
259,Mercury
260,GMC
261,BMW
262,Jeep
263,Volvo
264,Buick
265,Tesla
266,Ford
267,Chrysler
268,Toyota
269,GMC
270,Jaguar
271,Saturn
272,Nissan
273,Honda
274,Infiniti
275,Pontiac
276,Volvo
277,Toyota
278,Pontiac
279,Land Rover
280,Jaguar
281,Kia
282,Mercury
283,Bentley
284,Mazda
285,GMC
286,Chrysler
287,Mazda
288,Lexus
289,Buick
290,Subaru
291,Toyota
292,Aptera
293,Hyundai
294,Volkswagen
295,Ford
296,Volkswagen
297,Ford
298,Subaru
299,Pontiac
300,Buick
301,Infiniti
302,Jeep
303,Porsche
304,Volkswagen
305,Mitsubishi
306,Hyundai
307,Chevrolet
308,Aston Martin
309,Infiniti
310,BMW
311,Kia
312,Ford
313,GMC
314,Subaru
315,GMC
316,Honda
317,Chevrolet
318,Mazda
319,Infiniti
320,Cadillac
321,Chrysler
322,Isuzu
323,Jaguar
324,Chevrolet
325,Lincoln
326,Toyota
327,Audi
328,Ford
329,Scion
330,BMW
331,Chevrolet
332,Pontiac
333,Nissan
334,Cadillac
335,Lincoln
336,BMW
337,Ford
338,Volkswagen
339,GMC
340,Mazda
341,Mazda
342,Buick
343,Pontiac
344,Honda
345,Ford
346,Mitsubishi
347,Mazda
348,Lincoln
349,Mazda
350,Toyota
351,GMC
352,Lexus
353,Lamborghini
354,Jaguar
355,Chrysler
356,Toyota
357,Hyundai
358,Ford
359,Pontiac
360,Nissan
361,Buick
362,Ford
363,Ford
364,Kia
365,Mercedes-Benz
366,Audi
367,Chevrolet
368,GMC
369,Lexus
370,Lincoln
371,Chevrolet
372,Hummer
373,Mazda
374,BMW
375,Ford
376,Volkswagen
377,Maserati
378,Chevrolet
379,Mercury
380,Ford
381,Mitsubishi
382,Nissan
383,Buick
384,Mercedes-Benz
385,Cadillac
386,GMC
387,Chevrolet
388,Dodge
389,Lexus
390,Hyundai
391,Chevrolet
392,Pontiac
393,Audi
394,Mercedes-Benz
395,Dodge
396,Volvo
397,Saab
398,Mitsubishi
399,Ford
400,Toyota
401,Cadillac
402,Nissan
403,Nissan
404,Acura
405,Hummer
406,GMC
407,Infiniti
408,Toyota
409,Toyota
410,Ford
411,Ford
412,Aston Martin
413,Cadillac
414,Pontiac
415,Chrysler
416,Ford
417,Land Rover
418,Suzuki
419,Toyota
420,Volkswagen
421,Chevrolet
422,Buick
423,Nissan
424,Nissan
425,Buick
426,Chevrolet
427,Chevrolet
428,Chevrolet
429,Honda
430,Jeep
431,Maybach
432,Audi
433,Chevrolet
434,Cadillac
435,Ford
436,Ford
437,Nissan
438,Chevrolet
439,Maybach
440,BMW
441,Saab
442,Hummer
443,Ford
444,Hyundai
445,Hyundai
446,Isuzu
447,Mercedes-Benz
448,Lamborghini
449,Mitsubishi
450,Buick
451,Nissan
452,Mercedes-Benz
453,BMW
454,Pontiac
455,Pontiac
456,Plymouth
457,Toyota
458,Kia
459,Chrysler
460,Ford
461,Mitsubishi
462,Audi
463,BMW
464,Nissan
465,Volkswagen
466,Mazda
467,Chevrolet
468,Lincoln
469,Dodge
470,Dodge
471,Ford
472,Hyundai
473,Toyota
474,Ford
475,Oldsmobile
476,Honda
477,Mazda
478,Mitsubishi
479,Plymouth
480,Audi
481,Volvo
482,GMC
483,Toyota
484,Nissan
485,Acura
486,Nissan
487,Mazda
488,Chevrolet
489,Lexus
490,Mercedes-Benz
491,Volkswagen
492,Chevrolet
493,Mercedes-Benz
494,Volkswagen
495,Honda
496,Hyundai
497,Toyota
498,Kia
499,Oldsmobile
500,Acura
501,Mitsubishi
502,Jaguar
503,Nissan
504,Honda
505,Acura
506,Dodge
507,Isuzu
508,GMC
509,Lotus
510,Lexus
511,Hyundai
512,Buick
513,Mitsubishi
514,Saab
515,BMW
516,Suzuki
517,Hyundai
518,Suzuki
519,Pontiac
520,Ford
521,Volkswagen
522,BMW
523,Chevrolet
524,Toyota
525,Mercury
526,Cadillac
527,Pontiac
528,Ford
529,Isuzu
530,Pontiac
531,Subaru
532,Volkswagen
533,Toyota
534,Ford
535,Toyota
536,Kia
537,Volvo
538,Oldsmobile
539,Ford
540,Aston Martin
541,Dodge
542,Chrysler
543,Jeep
544,Subaru
545,GMC
546,Subaru
547,Chevrolet
548,Chevrolet
549,Chrysler
550,BMW
551,Chevrolet
552,Suzuki
553,Ford
554,Porsche
555,Oldsmobile
556,Subaru
557,GMC
558,Pontiac
559,Ford
560,Nissan
561,Chevrolet
562,Mazda
563,Acura
564,Dodge
565,Mazda
566,Volkswagen
567,Porsche
568,Mazda
569,Lincoln
570,Buick
571,Nissan
572,Volkswagen
573,Mitsubishi
574,Isuzu
575,Ram
576,Isuzu
577,Dodge
578,Ford
579,Cadillac
580,BMW
581,Chevrolet
582,Lexus
583,BMW
584,Ford
585,Mazda
586,Hyundai
587,Lexus
588,Chevrolet
589,Mazda
590,Honda
591,Infiniti
592,Chevrolet
593,Chevrolet
594,Mercedes-Benz
595,Volvo
596,Aston Martin
597,Mercedes-Benz
598,Honda
599,Mazda
600,Cadillac
601,Chrysler
602,Ford
603,Honda
604,MINI
605,Daewoo
606,Eagle
607,Mitsubishi
608,Nissan
609,Volvo
610,BMW
611,Volkswagen
612,Porsche
613,Cadillac
614,Mercedes-Benz
615,Pontiac
616,Mercury
617,GMC
618,Kia
619,Kia
620,Ford
621,Acura
622,Land Rover
623,Maybach
624,Lincoln
625,Lotus
626,Chevrolet
627,Mazda
628,Chevrolet
629,Porsche
630,Suzuki
631,Ford
632,BMW
633,Land Rover
634,Buick
635,Land Rover
636,Dodge
637,Lexus
638,Chevrolet
639,Saturn
640,Mazda
641,Toyota
642,Hummer
643,Suzuki
644,Maserati
645,Fiat
646,Mercedes-Benz
647,Ford
648,Pontiac
649,Porsche
650,Nissan
651,Hyundai
652,Nissan
653,GMC
654,BMW
655,Toyota
656,Mitsubishi
657,Kia
658,Pontiac
659,Pontiac
660,GMC
661,Honda
662,Mercury
663,Peugeot
664,Hyundai
665,Audi
666,GMC
667,Volkswagen
668,Cadillac
669,GMC
670,GMC
671,Dodge
672,Chrysler
673,Buick
674,Oldsmobile
675,Isuzu
676,Pontiac
677,Honda
678,Buick
679,Ford
680,GMC
681,Nissan
682,Plymouth
683,Buick
684,Acura
685,Chevrolet
686,Scion
687,Ford
688,Mazda
689,Pontiac
690,Acura
691,Pontiac
692,Dodge
693,Nissan
694,Buick
695,Chevrolet
696,Chevrolet
697,Ford
698,Ford
699,Eagle
700,Tesla
701,Ford
702,Chevrolet
703,Mercury
704,Land Rover
705,Chevrolet
706,Scion
707,Toyota
708,Mazda
709,Volvo
710,Mercedes-Benz
711,Ford
712,Porsche
713,Ford
714,Cadillac
715,Kia
716,Rolls-Royce
717,Chevrolet
718,GMC
719,Hyundai
720,Ford
721,Bentley
722,Audi
723,GMC
724,Honda
725,Chevrolet
726,Ford
727,Infiniti
728,Kia
729,Honda
730,Aston Martin
731,Bentley
732,Nissan
733,GMC
734,BMW
735,Pontiac
736,Mitsubishi
737,Chrysler
738,Volkswagen
739,Mitsubishi
740,Ford
741,Honda
742,BMW
743,Honda
744,Suzuki
745,Ford
746,BMW
747,Chevrolet
748,GMC
749,Ford
750,Cadillac
751,Nissan
752,Dodge
753,Mazda
754,Lexus
755,Land Rover
756,Buick
757,Ford
758,Pontiac
759,Ford
760,Ford
761,Lotus
762,Volkswagen
763,Volkswagen
764,Chevrolet
765,Ford
766,Dodge
767,Dodge
768,Oldsmobile
769,Plymouth
770,GMC
771,Isuzu
772,Chevrolet
773,Volvo
774,Mercury
775,GMC
776,Rolls-Royce
777,Dodge
778,Mercedes-Benz
779,Cadillac
780,Volkswagen
781,Maserati
782,Saab
783,Jeep
784,Mazda
785,Oldsmobile
786,Mercedes-Benz
787,Mercedes-Benz
788,Mitsubishi
789,BMW
790,MINI
791,Dodge
792,Mercury
793,Mitsubishi
794,Chrysler
795,Lexus
796,Toyota
797,GMC
798,Cadillac
799,Volkswagen
800,Cadillac
801,Daewoo
802,BMW
803,Mitsubishi
804,Pontiac
805,Mitsubishi
806,Pontiac
807,Honda
808,Jeep
809,Pontiac
810,Dodge
811,Volvo
812,Nissan
813,Lexus
814,MINI
815,Ford
816,Chevrolet
817,BMW
818,Mitsubishi
819,Buick
820,Audi
821,Saab
822,Honda
823,Mazda
824,Chevrolet
825,Volkswagen
826,Honda
827,Mitsubishi
828,Chevrolet
829,Chevrolet
830,Ford
831,Chevrolet
832,Audi
833,Mitsubishi
834,Buick
835,Oldsmobile
836,Dodge
837,Honda
838,Bentley
839,Chevrolet
840,Ford
841,Volkswagen
842,GMC
843,Mercury
844,Mercury
845,BMW
846,Ferrari
847,Mazda
848,Ford
849,GMC
850,Pontiac
851,BMW
852,Chevrolet
853,Ford
854,Buick
855,BMW
856,Isuzu
857,Lotus
858,Honda
859,Chevrolet
860,Hyundai
861,Lexus
862,Bentley
863,Mercury
864,Dodge
865,Volvo
866,Chevrolet
867,Audi
868,Hyundai
869,Chevrolet
870,Chevrolet
871,Volvo
872,MINI
873,Saturn
874,Jaguar
875,Mazda
876,Porsche
877,Buick
878,Chevrolet
879,Chrysler
880,Maybach
881,Pontiac
882,Dodge
883,Subaru
884,Mercedes-Benz
885,Pontiac
886,Plymouth
887,Buick
888,Mercedes-Benz
889,Chevrolet
890,Mercury
891,Aston Martin
892,Buick
893,Mazda
894,Cadillac
895,GMC
896,Chevrolet
897,Kia
898,Lexus
899,Mazda
900,Mitsubishi
901,Lamborghini
902,Mercury
903,Mercedes-Benz
904,Acura
905,Buick
906,Suzuki
907,Volkswagen
908,Hyundai
909,Chevrolet
910,Ford
911,Mazda
912,Nissan
913,Volkswagen
914,Toyota
915,Audi
916,Suzuki
917,Jeep
918,Chrysler
919,Toyota
920,Ford
921,Chevrolet
922,BMW
923,Honda
924,Toyota
925,Ford
926,Mitsubishi
927,Chevrolet
928,Chevrolet
929,Plymouth
930,Land Rover
931,Toyota
932,Mazda
933,Pontiac
934,Kia
935,Saab
936,Plymouth
937,GMC
938,Buick
939,Dodge
940,Mazda
941,Toyota
942,BMW
943,Volkswagen
944,Infiniti
945,Lexus
946,Ford
947,Chevrolet
948,Ford
949,Mitsubishi
950,Cadillac
951,Audi
952,Audi
953,Jeep
954,Saab
955,Rambler
956,Honda
957,Pontiac
958,Toyota
959,Mazda
960,Dodge
961,Chevrolet
962,Chevrolet
963,Cadillac
964,Volvo
965,Chevrolet
966,Toyota
967,Chevrolet
968,Ford
969,Chevrolet
970,Mercury
971,Chrysler
972,GMC
973,Suzuki
974,Ford
975,Chevrolet
976,Pontiac
977,Dodge
978,Chrysler
979,Chevrolet
980,Ford
981,BMW
982,Pontiac
983,Acura
984,Mitsubishi
985,Pontiac
986,Mercury
987,Chevrolet
988,Buick
989,Chevrolet
990,Pontiac
991,Aston Martin
992,GMC
993,Audi
994,Maserati
995,Lotus
996,Infiniti
997,Nissan
998,Scion
999,Volvo
1000,Scion
