1,Siana,Bathoe
2,Caitlin,Merkel
3,Carole,Judge
4,Carey,O' Connell
5,Gabriele,Kisting
6,David,Pike
7,Aldridge,Loffel
8,Joycelin,Keir
9,Angie,Caine
10,Anissa,Skidmore
11,Pooh,Dodge
12,Mellicent,Maceur
13,Sigrid,Ruddiforth
14,Valina,Abrahamian
15,Camille,Richly
16,Shaylah,Manifold
17,Isis,Tidman
18,Sonni,Barehead
19,Ches,Elecum
20,Lou,Heddan
21,Davina,Wyant
22,Mommy,Sackur
23,Kimble,Petrashov
24,Wylma,Patrickson
25,Alfredo,Southerell
26,Tobin,Doutch
27,Lesley,Totton
28,Darlene,Elion
29,Annabal,Collough
30,Theresina,MacTrusty
31,Jeremy,Boaler
32,Sandy,Derisly
33,Geordie,Cadden
34,Jan,Guage
35,Carney,Saunier
36,Lonni,Gligorijevic
37,Haily,Balmadier
38,Kendal,Fellos
39,Katherina,Ravilus
40,Tuck,Kerswill
41,Vannie,Ditty
42,Minnnie,Sandle
43,Barrie,O'Sheilds
44,Pepita,Wederell
45,Johanna,Jeandon
46,Ivette,Hamly
47,Arlana,Pomfrey
48,Jennilee,Tummasutti
49,Yanaton,Holtum
50,Salomi,Britland
51,Reginauld,Bernardon
52,Dunc,Downing
53,Karin,Girhard
54,Paulie,Ravenscroft
55,Darsie,Carine
56,Valli,Chesman
57,Irena,McCook
58,Zachery,Withrington
59,Mata,Denyer
60,Alaster,Simonson
61,Sharl,Bowes
62,Clotilda,Guymer
63,Elwyn,Matevosian
64,Arielle,Dillinton
65,Perle,Cornbill
66,Theodore,Ondrousek
67,Vassili,Baldcock
68,Rollin,Wittman
69,Mikael,Petel
70,Elliott,Jozefczak
71,Arliene,Giovannardi
72,Jerrilyn,Drawmer
73,Osborn,Messer
74,Jillayne,Videan
75,Tiena,Chinery
76,Shay,Gladdolph
77,May,Clemmen
78,Allyn,Stearndale
79,Guglielmo,Dinnage
80,Lenore,Rive
81,Bibi,Rulton
82,Jeanine,Loade
83,Hulda,Dight
84,Erminia,Whife
85,Penrod,Feathersby
86,Dudley,Hackforth
87,Kevyn,Jeacock
88,Neysa,Lemin
89,Mathilda,Croom
90,Bent,McClosh
91,Heddie,Buckmaster
92,Barnabe,Claridge
93,Rog,Toseland
94,Addia,Glasscock
95,Dido,Omrod
96,Yasmin,Bordessa
97,Nathan,Warwicker
98,Krisha,Maryman
99,Beltran,Tagg
100,Prudi,Matelaitis
101,Christy,Pelham
102,Yelena,Maunton
103,Myles,Wensley
104,Othilie,Waith
105,Benjy,Petroselli
106,Tate,Synnot
107,Andrej,Neylan
108,Alfi,Muncie
109,Philippe,Brosio
110,Dre,Coleborn
111,Ardra,Budik
112,Tiphany,Posnette
113,Rabi,Meneux
114,Raul,Brunsdon
115,Gale,Munsey
116,Braden,Boddington
117,Ruddy,Wattins
118,Carena,Bartleet
119,Jania,Pafford
120,Linus,Kynsey
121,Gawain,Finder
122,Vern,Dumberrill
123,Portie,Coode
124,Millisent,McGeagh
125,Inge,Barnfather
126,Rodger,Derell
127,Dougy,Gainforth
128,Abe,Tourner
129,Leonardo,Le Frank
130,Amelita,Poag
131,Rebeka,Synke
132,Florenza,Girodier
133,Berri,Shallo
134,Blayne,Cownden
135,Janean,Ranscome
136,Udale,Millership
137,Pansie,Jeeves
138,Neddie,Graundisson
139,Jodie,Ianetti
140,Essy,Sleany
141,Francklin,Derx
142,Yard,Harrald
143,Wynnie,Oman
144,Hali,Streader
145,Hugues,Simononsky
146,Shawn,Middup
147,Savina,Cottage
148,Hermina,Zoanetti
149,Catarina,Chewter
150,Althea,Eginton
151,Jackqueline,Klich
152,Randie,Whye
153,Fleur,Faughny
154,Cathryn,Larchiere
155,Bond,Pennycord
156,Fredek,Elles
157,Adoree,Iacovini
158,Lesley,Compfort
159,Nicole,Jumont
160,Stanleigh,Accomb
161,Dulcine,Jindrak
162,Kristyn,Blick
163,Faun,Maddy
164,Lory,D'Alessio
165,Nikolia,Veevers
166,Karyl,Barthelet
167,Gilbert,Ricardo
168,Dyane,Crosby
169,Leeland,Leisk
170,Kennith,Fentem
171,Wilmer,Caunt
172,Idaline,Northrop
173,Gamaliel,Bront
174,Meade,Leward
175,Lionello,Busfield
176,Lionel,Landes
177,Caterina,Barford
178,Nealson,Brownsmith
179,Jacquelynn,Naire
180,Percy,Yvon
181,Elga,Pearle
182,Theresina,Listone
183,Lillian,Downage
184,Gene,Bolger
185,Rosalie,Plackstone
186,Karalynn,Kidson
187,Nina,MacCaughan
188,Donovan,Denge
189,Patrick,Relton
190,Hyman,Pert
191,Dino,Aspall
192,Peyter,Barnbrook
193,Farlie,Saunders
194,Dione,Long
195,Fredelia,Cashen
196,Danell,Tybalt
197,Oralie,Mathew
198,Vonni,Daubney
199,Daren,Rosettini
200,Gerome,Goodwins
201,Stephanie,Lidgertwood
202,Honoria,Petworth
203,Jemimah,Elton
204,Elonore,Garman
205,Maxim,Bickerstaff
206,Ker,Rowatt
207,Maddy,Toffaloni
208,Doralynne,McGucken
209,Wallie,Andrini
210,Henry,Blindermann
211,Lilly,Downham
212,Raye,Attard
213,Kerr,Ventris
214,Barnie,Broadfield
215,Bonni,Reveley
216,Cindi,Roscrigg
217,Evanne,Rome
218,Constantine,Pacquet
219,Yuma,Maty
220,Rozanna,Kingaby
221,Lavena,Jerisch
222,Nichole,Montacute
223,Irena,McComas
224,Sonny,Pickard
225,Tomlin,Cornelissen
226,Rawley,Eustis
227,Jude,Stevings
228,Rhett,Lightbowne
229,Ailis,Brugmann
230,Amelia,Ridewood
231,Penrod,Vasilov
232,Kerry,Vasichev
233,Faunie,Ferneyhough
234,Harwell,Wolstenholme
235,Bary,MacMenemy
236,Pamelina,Yakunin
237,Rik,Caldwell
238,Pip,Matiebe
239,Bartholemy,Winkless
240,Alfred,Muzzi
241,Sanderson,Jagg
242,Rafi,Shingles
243,Zara,Fairclough
244,Hanson,Merrett
245,Phillie,Gorham
246,Fayre,Creaney
247,Yvonne,Bovis
248,Adamo,McClelland
249,Britney,Fletcher
250,Kenyon,Daily
251,Colver,Tanfield
252,Jereme,Cordsen
253,Mireielle,Byrne
254,Estel,Marages
255,Kynthia,Rentelll
256,Maggy,Obern
257,Cheston,Summerell
258,Georgina,Dybbe
259,Stillmann,Sturdgess
260,Grantley,Ineson
261,Brantley,Laffranconi
262,Hildagard,Lewin
263,Damiano,Ruste
264,Lynda,Bjorkan
265,Uta,Cavy
266,Carlynne,Lambal
267,Kelly,Thoumas
268,Rafi,Lowless
269,Romonda,Disney
270,Chickie,Wilsher
271,Ludwig,Yukhnev
272,Alina,Pethrick
273,Nichols,Bradborne
274,Felix,Baldam
275,Hillel,Lunney
276,Concordia,Glenn
277,Celina,Boyce
278,Murray,Bernier
279,Eben,Snawden
280,Mahalia,Tumayan
281,Aile,Hexter
282,Kirstyn,Mille
283,Rosabelle,Rumble
284,Dennis,Caccavella
285,Tandy,Healeas
286,Chanda,Drioli
287,Daven,Koeppke
288,Odette,Saffen
289,Morley,Guerrin
290,Lilyan,Undrell
291,Lorry,Yakebowitch
292,Andi,Garlinge
293,Kelly,Cowdray
294,Alfreda,Tripet
295,Rheba,Burrells
296,Raimondo,Avory
297,Dorolice,Lugard
298,Francoise,Thistleton
299,Gabriellia,Rantoull
300,Marty,Stoker
301,Milka,Mussett
302,Lily,Canelas
303,Aland,Haythorn
304,Freeland,Peattie
305,Port,Snelgrove
306,Neall,MacKomb
307,Jasun,Willford
308,Hamil,Marr
309,Shell,Bransom
310,Kirby,Giacoppo
311,Madison,Bothbie
312,Murdoch,Brigdale
313,Doy,Vittle
314,Mandel,Lufkin
315,Faustine,Bread
316,Allene,Parlor
317,Fraser,Pensom
318,Pamela,Oxer
319,Maitilde,Clampin
320,Adena,Beszant
321,Lynde,Reavey
322,Uriel,Mutlow
323,Genvieve,Allery
324,Torey,Nutting
325,Kennith,Sebborn
326,Hartley,Matz
327,Daria,Rennebeck
328,Abbot,Westby
329,Yetty,McIleen
330,Joletta,Gauld
331,Nixie,Willford
332,Yolanthe,Grenville
333,Hector,Radenhurst
334,Wallis,Pilmoor
335,Valentia,Hildrew
336,Troy,Lammers
337,Arte,Howle
338,Anthea,Akram
339,Upton,Deverale
340,Aigneis,Colquitt
341,Sanford,Shelvey
342,Kennedy,Mulberry
343,Petronilla,Salterne
344,Haven,Pawlick
345,Carie,Hebborne
346,Barbara,Lightbowne
347,Nicki,Ovise
348,Lisetta,Srutton
349,Ingunna,Muston
350,Eduard,Lambkin
351,Slade,Clayborn
352,Cornie,Mulqueeny
353,Marlo,Hellewell
354,Jeanelle,Grieves
355,Maxie,Jordanson
356,Carver,Rackley
357,Johna,Habens
358,Amalie,Andor
359,Osborne,Whistan
360,Hort,Grainge
361,Delmor,Chaffey
362,Tony,Orteau
363,Blaire,Hanton
364,Laurianne,Demicoli
365,Aidan,McAster
366,Kalli,Fonso
367,Dacia,Juschka
368,Dee dee,Amsberger
369,Janis,Mitro
370,Ezra,Lockart
371,Morten,Raubenheim
372,Giustina,Olenichev
373,Edwina,Miko
374,Mirna,Ferreira
375,Johan,Gilvary
376,Prescott,Colerick
377,Russell,Skae
378,Sophey,Vasiliu
379,Diana,Simcoe
380,Phylis,Spat
381,Kay,Hubbock
382,Cherilyn,Durning
383,Whit,Mellonby
384,Finley,Attac
385,Halimeda,Pecey
386,Jackson,Hrihorovich
387,Free,Clempton
388,Ferne,Colquit
389,Thorstein,Searston
390,Myer,Rablin
391,Rossy,Durston
392,Milicent,Ashall
393,Taite,Colmore
394,Mord,Syddall
395,Blakeley,Siccombe
396,Hadleigh,Emloch
397,Caroljean,Thick
398,Boigie,Shimuk
399,Mattie,Schonfeld
400,Savina,Newgrosh
401,Wendi,Branson
402,Dyann,Kearey
403,Neilla,Greatbach
404,Bruce,Singers
405,Jaime,Hubball
406,Emmalee,O'Moylane
407,Hollyanne,Ravel
408,Merrick,Stannah
409,Antonella,Sealove
410,Zerk,Hussy
411,Jeramey,Bishell
412,Carson,Grimston
413,Gale,Kirtland
414,Garry,Iacobassi
415,Mari,Akrigg
416,Adoree,Bennoe
417,Liz,Goodliff
418,Barbra,Gerg
419,Klarika,Dempsey
420,Sid,Carsberg
421,Gibby,Caine
422,Filberto,Radbone
423,Steward,Bavester
424,Karoly,Edgecumbe
425,Hulda,Oakenfield
426,Martica,Zini
427,Randee,Arundell
428,Fulton,Flucks
429,Claudetta,Rubinsaft
430,Rodie,Houtbie
431,Marina,Beamand
432,Lizette,Jessett
433,Josey,Frohock
434,Eda,Habin
435,Nicolais,McMeeking
436,Felicia,Caldeiro
437,Nyssa,Gullis
438,Townsend,Moreside
439,Fedora,Marchello
440,Filippo,Geane
441,Kimble,Dargavel
442,Elayne,Gemnett
443,Lotta,Dockray
444,Cristen,Purselowe
445,Francoise,Gillions
446,Reg,Relph
447,Matilda,Almak
448,Francesco,Stowe
449,Zed,Morrish
450,Lucita,Hyne
451,Luciano,Olle
452,Merilee,Piegrome
453,Allyson,Ceaser
454,Joanna,Dowglass
455,Yasmin,Elsom
456,Genna,Fitzsimon
457,Phaedra,Walburn
458,Filide,Boumphrey
459,Adan,Tuohy
460,Ursuline,Duffit
461,Bertina,Warkup
462,Penni,McLellan
463,Johny,O'Nolan
464,Caprice,Belison
465,Clementia,Sketch
466,Goddart,Weiser
467,Emmalynn,Kniveton
468,Chickie,Hartly
469,Gustavus,Ridwood
470,Kate,Wylie
471,Loleta,Stansby
472,Verge,Carnegie
473,Jemie,Mantha
474,Jeremie,Chapelle
475,Eve,McGilvary
476,Aura,Gricewood
477,Liesa,Newbigging
478,Fulton,Brandli
479,Jamal,Dunkerly
480,Allyn,Westwater
481,Renato,Hazlehurst
482,Kerrill,Fleisch
483,Jamill,Rowet
484,Brana,Tarbath
485,Alfons,McAuliffe
486,Annis,Rowlin
487,Aharon,Bouch
488,Lisha,Knuckles
489,Iorgos,Labarre
490,Silvanus,Duns
491,Stephanie,Spears
492,Jazmin,Lievesley
493,Shani,World
494,Salomi,Fallow
495,Mavra,D'Emanuele
496,Luis,Wandrich
497,Guglielmo,McCorry
498,Janel,Budgeon
499,Humfried,Meaddowcroft
500,Tallie,Stockton
501,Cosette,Coil
502,Cosetta,Wedlock
503,Basilius,Reglar
504,Stuart,Wolverson
505,Ginnie,Shopcott
506,Shalne,Kirkness
507,Grant,Lorenc
508,Andrey,Noell
509,Etienne,Selkirk
510,Creight,MacPaik
511,Titus,Checklin
512,Dorothee,Clive
513,Stevie,Gyurkovics
514,Cheri,Demetr
515,Ketty,Skin
516,Tiphany,de Verson
517,Giana,Burlay
518,Ebenezer,Sibthorpe
519,Shirlee,Griston
520,Deanna,Angelo
521,Findlay,Wethered
522,Mel,Bestall
523,Taffy,Dinesen
524,Laney,Giff
525,Rubina,Dible
526,Judon,Blanko
527,Beverley,Goulding
528,Trenna,Shaefer
529,Janaya,Forlong
530,Alfredo,Stokoe
531,Sargent,Sperring
532,Arabele,Hannigane
533,Fredra,Pretley
534,Lauri,Lowden
535,Essa,Habbin
536,Kora,Dullard
537,Kermie,Smouten
538,Robinet,Volcker
539,Ludovika,Orrom
540,Ivette,Eagar
541,Janaya,Terris
542,Oswald,Dooly
543,Correy,Henricsson
544,Rhetta,Magrannell
545,Elsey,Dannett
546,Kylynn,Darco
547,Kingsley,Cunradi
548,Verene,Watkiss
549,Lucian,Teanby
550,Babara,Camocke
551,Clotilda,Merryweather
552,Reynard,Mattei
553,Thorpe,Potell
554,Silas,Hissett
555,Alfie,Harbin
556,Daphne,Girkin
557,Wynne,Woollaston
558,Krystle,Scourgie
559,Shandra,Occleshaw
560,Jehanna,Rehn
561,Janaya,Greig
562,Gage,Thame
563,Phoebe,Belfitt
564,Patrice,Fitton
565,Emmerich,Galbraith
566,Larina,Sille
567,Katerine,Derwin
568,Innis,Collihole
569,Pansie,Dobrovolski
570,Briny,Scholar
571,Carmon,Yegorev
572,Mikaela,Breem
573,Thedric,Deakes
574,Sandy,Van Oort
575,Emmalynn,Acres
576,Dorey,Birkett
577,Cissy,Tracey
578,Gene,MacIan
579,Berte,Reedshaw
580,Eartha,Thorneloe
581,Nettie,Bedson
582,Corina,Sexten
583,Kristoforo,Biskupski
584,Rodina,Toppas
585,Sherilyn,Bagnell
586,Galen,Johnes
587,Lucian,Prescote
588,Bruce,Butson
589,Darrel,Brenstuhl
590,Wright,Willacot
591,Ginnie,Lempertz
592,Quill,Selwood
593,Kelly,Clapison
594,Dorelle,Gemmell
595,Raf,Aberkirder
596,Godfry,Morshead
597,Devlin,Crosse
598,Ulrica,Balazot
599,Gael,St. Pierre
600,Neal,Jeff
601,Ahmad,Maffei
602,Stanfield,Reinhart
603,Art,Bonifazio
604,Anselm,Braywood
605,Nessy,Albion
606,Marley,Lehrer
607,Rick,Vassay
608,Trstram,Cottu
609,Kare,Kenlin
610,Mayne,Hartrick
611,Moises,Mattaus
612,Amalita,McLeese
613,Sterne,Herrero
614,Beryle,Oxborough
615,Kerrie,Crole
616,Edita,Bleue
617,Shem,Gooddy
618,Bondy,Peidro
619,Lev,Bagg
620,Ev,Clifton
621,Laurie,Kemble
622,Washington,Grzelczyk
623,Ailene,Herreran
624,Gwendolin,Gajewski
625,Traci,Shepherdson
626,Seana,Charman
627,Guinna,Mickleborough
628,Brunhilde,Bussel
629,Gordy,Lowten
630,Rainer,Fittis
631,Gray,Bowerman
632,Jim,Dranfield
633,Laurette,Kennsley
634,Keefer,McNelly
635,Salim,Shapero
636,Paule,Thompkins
637,Jayme,Lippiett
638,Flory,Warfield
639,Inga,Toffoletto
640,Cynthea,Edleston
641,Waverley,Mitkcov
642,Clyde,Edgars
643,Amelie,Argrave
644,Killie,Taggett
645,Lucien,Cooley
646,Andrus,Brumhead
647,Matthieu,Nevill
648,Lauralee,Ricson
649,Eulalie,Sennett
650,Dyan,Aynscombe
651,Laurie,Beadham
652,Euell,Ostrich
653,Marrilee,Luckin
654,Siffre,Draisey
655,Avivah,Sumner
656,Seline,Romao
657,Maria,Persian
658,Joya,Louche
659,Evvie,Adamou
660,Papagena,Sillis
661,Reynolds,Franke
662,Dion,Vasyatkin
663,Oona,Stappard
664,Stafani,Lafont
665,Ketty,Matityahu
666,Bobbe,Ciabatteri
667,Mathian,Lurcock
668,Camala,Harrington
669,Lorain,Gerred
670,Aguistin,McMurrugh
671,Dosi,Stodhart
672,Penny,Druce
673,Allissa,Noell
674,Randie,Halleday
675,Abner,Corry
676,Keriann,Dykas
677,Janet,Hellikes
678,Kylie,Sanderson
679,Zachariah,Rowler
680,Thorstein,Menelaws
681,Donetta,Roxbee
682,Shalna,Deesly
683,Melisent,Force
684,Monroe,Scading
685,Candie,Chapell
686,Cecil,Klamman
687,Brendon,Ruusa
688,Melvyn,Heijnen
689,Camel,Tapply
690,Claretta,Bundy
691,Nollie,Paunsford
692,Nickey,von Hagt
693,Eugine,Chardin
694,Lind,Batchellor
695,Leonanie,Hise
696,Danna,Potteril
697,Sonia,Kinsell
698,Helaina,Dyas
699,Davie,Luxon
700,Othello,Behrens
701,Candace,Houselee
702,Ranique,Downing
703,Dulcie,Teissier
704,Roch,Ferrarini
705,Persis,Burgane
706,Clemmie,Schubuser
707,Adore,Wibberley
708,Riobard,Zieme
709,Carmen,Huckle
710,Isa,Hannah
711,Verna,Marcam
712,Hector,Umpleby
713,Stafani,Levings
714,Cathy,Gilsthorpe
715,Dru,Keyson
716,Mycah,Gunstone
717,Etty,McKirton
718,Rory,Benasik
719,Jewel,Pitcock
720,Abbye,Marten
721,Decca,Aleksandrov
722,Jase,Ast
723,Mona,McIllroy
724,Bone,Tink
725,Brandice,Gibbings
726,Robinet,Blouet
727,Ignacio,Beange
728,Kimbell,Skahill
729,Bjorn,Colgan
730,Ruprecht,Hayter
731,Verene,Lorryman
732,Merrill,Guyers
733,Anatol,Abson
734,Karisa,Pinnion
735,Ivy,Carress
736,Amory,Kenrat
737,Murielle,Haskayne
738,Hershel,Kernock
739,Giles,Greber
740,Johannes,McLaren
741,Karol,Swyndley
742,Cori,Vanderson
743,Chilton,Priddy
744,Hurley,Stennet
745,Rosana,Gunney
746,Aubrie,Rogge
747,Rodolph,Vincent
748,Greta,Wiffield
749,Gaile,Sandell
750,Andie,Klimkovich
751,Francesca,Cobelli
752,Hamil,Larkkem
753,Merla,Van der Spohr
754,Grantley,Bonavia
755,Glennie,Lansdale
756,Meier,Dowty
757,Trumann,Schruyers
758,Cyndia,Frere
759,Zebadiah,Baggiani
760,Hillel,Raistrick
761,Stanley,Roo
762,Basilio,Tubridy
763,Lida,Wylie
764,Norman,Gosart
765,Katrine,Hubbard
766,Fiona,Jaggi
767,Reinaldo,Mattiassi
768,Currie,Dyster
769,Glenine,Ornillos
770,Moyra,Gregoli
771,Malvina,Lowin
772,Elva,Worland
773,Cullin,Astling
774,Mackenzie,Beardshaw
775,Leshia,Molloy
776,Zebulen,Dayer
777,Neile,Mc Ilory
778,Tani,Titley
779,Man,Bramwell
780,Raddie,Jakubski
781,Ritchie,Drakeford
782,Clerc,Ovanesian
783,Denyse,Jedrych
784,Felicia,Pockett
785,Byram,Venning
786,Rod,Haldene
787,Sven,Huddy
788,Keelia,Mocher
789,Sallie,Atlee
790,Amabelle,MacKettrick
791,Ofella,Casbon
792,Rodrique,Thewles
793,Myriam,Oret
794,Luigi,Braganca
795,Fitzgerald,Clarkson
796,Janeta,Hawk
797,Verena,Sanchis
798,Quillan,Blethyn
799,Teresita,Orpin
800,Cherilyn,Eastman
801,Jasmin,Philpault
802,Yasmin,Berge
803,Reynard,Rummery
804,Whitaker,Sturgis
805,Grata,Thornton
806,Gabbie,Schellig
807,Sharon,Catonnet
808,Trueman,Hall-Gough
809,Tiffany,Chisholme
810,Hildy,Louthe
811,Arabele,Taplow
812,Elsinore,Matyushonok
813,Berke,Branford
814,Elonore,Casperri
815,Gabriel,Golsthorp
816,Noam,Snasdell
817,Ainsley,Spuner
818,Josepha,Haddacks
819,Roda,Beckinsale
820,Wynn,Aberdeen
821,Baryram,Ramsier
822,Junina,Lescop
823,Matias,Bottinelli
824,Amii,Hammel
825,Cassandra,Gresswell
826,Boniface,Borer
827,Dinah,Ertel
828,Billie,Broune
829,Jarrod,Mougin
830,Mellie,Abrahamsohn
831,Lesley,Gayton
832,Petronille,Wenger
833,Nickola,Leving
834,Marga,Pearce
835,Kattie,Phair
836,Brooks,Nucci
837,Hazlett,Badrick
838,Loraine,Musla
839,Myrtie,Docharty
840,Trudi,Eyckelbeck
841,Rosina,McPhail
842,Yoko,Howsan
843,Anny,Darree
844,Janeta,Denes
845,Gregoor,Soppett
846,Myer,Tacon
847,Tiphani,Pay
848,Nicola,Best
849,Natasha,O'Keaveny
850,Jacinthe,Gulk
851,Suzanne,Sayburn
852,Zena,Doumic
853,Karoline,Mowbray
854,Eolande,Burras
855,Herbert,Strapp
856,Erie,Meeke
857,Saw,Mullany
858,Emmalynne,Ryton
859,Fernando,Zink
860,Blakeley,Wilber
861,Carroll,Carabine
862,Adlai,Raun
863,Tamar,Wiltshaw
864,Randene,Penney
865,Corilla,Monteith
866,Ase,Pruvost
867,Jeramie,Hawkyens
868,Ermengarde,Skaife
869,Joel,Horsewood
870,Garrott,Seeds
871,Basilius,Cartmail
872,Luther,Dorrity
873,Rhonda,Feilden
874,Maye,Redler
875,Tull,Radborn
876,Casper,Pitford
877,Ariana,Leser
878,Harrison,Sugge
879,Humberto,Kisbey
880,Cleopatra,Meighan
881,Sonja,Heaps
882,Jenda,Marre
883,Marylinda,Hawkes
884,Esme,Brandham
885,Ashlie,Basler
886,Innis,Devany
887,Amy,McGillacoell
888,Halette,Delaprelle
889,Rozalie,Drohan
890,Marin,Gresty
891,Amie,Weedon
892,Penelope,Duffus
893,Kalil,Camous
894,Korney,Strudwick
895,Read,Borthe
896,Shir,Huggard
897,Katerine,Sharvell
898,Phyllida,Roney
899,Jordan,Trubshaw
900,Eddie,Rosenfrucht
901,Lori,Hallin
902,Kane,MacParlan
903,Baily,Dri
904,Scotty,Musso
905,Gabrila,Savory
906,Lucilia,Juanico
907,Trumaine,Manwell
908,Beverly,Wilder
909,Dion,Motten
910,Athene,Woollacott
911,Cristine,Cudmore
912,Camilla,Cornish
913,Hollis,Dober
914,Madelene,Brasted
915,Bertrando,Lancaster
916,Vallie,Knapman
917,Harmonia,Waghorn
918,Jonis,Kerfut
919,Francesca,Orthmann
920,Mohandis,Antonognoli
921,Christabel,Boarleyson
922,Erwin,Burghill
923,Carmelina,Scragg
924,Der,Flewitt
925,Gawen,Jancar
926,Calli,Jemison
927,Malva,Shoutt
928,Martie,Wrist
929,Elihu,Cordingley
930,Jamil,Dorant
931,Bebe,Curner
932,Aristotle,Blaker
933,Northrup,Gislebert
934,Zedekiah,Hallmark
935,Merna,Beecraft
936,Calli,Abells
937,Tanya,Gigg
938,Jorie,Mulholland
939,Clarisse,Haresnape
940,Corrie,Streetley
941,Justina,Northage
942,Kori,Prettejohns
943,Licha,Nicholes
944,Dosi,Mussilli
945,Farra,Nibloe
946,Grantley,Haily
947,Hugo,Laughlan
948,Maegan,Iddenden
949,Archaimbaud,Hankard
950,Mirabel,Mahaddy
951,Ibrahim,Trevorrow
952,Ciro,Chiplin
953,Sarina,Cantu
954,Christine,Astles
955,Chelsie,Readhead
956,Asher,Whitlam
957,Reube,Peery
958,Terese,Woodgate
959,Oswald,Farrens
960,Lilia,Rourke
961,Sonny,Runacres
962,Lotte,Furmedge
963,Ignazio,Camus
964,Correy,Crowcroft
965,Barrie,Pesik
966,Ode,Raatz
967,Mervin,Ondrasek
968,Ginnie,Gatrill
969,Vicki,Grigorkin
970,Katlin,Beckingham
971,Brandie,Tippings
972,Deeann,Gobert
973,Wendi,Boustead
974,Laurice,de Clerq
975,Eryn,Tomlins
976,Gerry,Mancktelow
977,Ginnie,Ginnelly
978,Leigh,Fratson
979,Enriqueta,Huton
980,Mirna,Salack
981,Pippa,Willshire
982,Cesaro,Worrill
983,Jerrilyn,Samsonsen
984,Waverley,Avrahamov
985,Bellanca,D'eath
986,Merci,Asp
987,Armand,Stiger
988,Chaddy,Belhomme
989,Hilton,Dairton
990,Joanna,Killimister
991,Gonzales,Dods
992,Guinna,Moverley
993,Brendis,Tough
994,Cherrita,Anthiftle
995,Boyce,Roll
996,Jeffie,Bradburn
997,Hailee,Bradford
998,Delly,Longden
999,Pace,Cella
1000,Kristina,Reason
